method,dataset,log_size,precision,recall,F1_measure,parsing_accuracy,iteration_no
AEL,BGL,2,0.9992,1.0000,0.9996,0.9570,1
AEL,BGL,2,0.9992,1.0000,0.9996,0.9570,2
AEL,BGL,2,0.9992,1.0000,0.9996,0.9570,3
AEL,BGL,2,0.9992,1.0000,0.9996,0.9570,4
AEL,BGL,2,0.9992,1.0000,0.9996,0.9570,5
AEL,BGL,2,0.9992,1.0000,0.9996,0.9570,6
AEL,BGL,2,0.9992,1.0000,0.9996,0.9570,7
AEL,BGL,2,0.9992,1.0000,0.9996,0.9570,8
AEL,BGL,2,0.9992,1.0000,0.9996,0.9570,9
AEL,BGL,2,0.9992,1.0000,0.9996,0.9570,10
AEL,OpenStack,2,0.9725,1.0000,0.9860,0.7575,1
AEL,OpenStack,2,0.9725,1.0000,0.9860,0.7575,2
AEL,OpenStack,2,0.9725,1.0000,0.9860,0.7575,3
AEL,OpenStack,2,0.9725,1.0000,0.9860,0.7575,4
AEL,OpenStack,2,0.9725,1.0000,0.9860,0.7575,5
AEL,OpenStack,2,0.9725,1.0000,0.9860,0.7575,6
AEL,OpenStack,2,0.9725,1.0000,0.9860,0.7575,7
AEL,OpenStack,2,0.9725,1.0000,0.9860,0.7575,8
AEL,OpenStack,2,0.9725,1.0000,0.9860,0.7575,9
AEL,OpenStack,2,0.9725,1.0000,0.9860,0.7575,10
AEL,HDFS,2,1.0000,1.0000,1.0000,0.9975,1
AEL,HDFS,2,1.0000,1.0000,1.0000,0.9975,2
AEL,HDFS,2,1.0000,1.0000,1.0000,0.9975,3
AEL,HDFS,2,1.0000,1.0000,1.0000,0.9975,4
AEL,HDFS,2,1.0000,1.0000,1.0000,0.9975,5
AEL,HDFS,2,1.0000,1.0000,1.0000,0.9975,6
AEL,HDFS,2,1.0000,1.0000,1.0000,0.9975,7
AEL,HDFS,2,1.0000,1.0000,1.0000,0.9975,8
AEL,HDFS,2,1.0000,1.0000,1.0000,0.9975,9
AEL,HDFS,2,1.0000,1.0000,1.0000,0.9975,10
AEL,Apache,2,1.0000,1.0000,1.0000,1.0000,1
AEL,Apache,2,1.0000,1.0000,1.0000,1.0000,2
AEL,Apache,2,1.0000,1.0000,1.0000,1.0000,3
AEL,Apache,2,1.0000,1.0000,1.0000,1.0000,4
AEL,Apache,2,1.0000,1.0000,1.0000,1.0000,5
AEL,Apache,2,1.0000,1.0000,1.0000,1.0000,6
AEL,Apache,2,1.0000,1.0000,1.0000,1.0000,7
AEL,Apache,2,1.0000,1.0000,1.0000,1.0000,8
AEL,Apache,2,1.0000,1.0000,1.0000,1.0000,9
AEL,Apache,2,1.0000,1.0000,1.0000,1.0000,10
AEL,HPC,2,0.9846,0.9999,0.9922,0.9030,1
AEL,HPC,2,0.9846,0.9999,0.9922,0.9030,2
AEL,HPC,2,0.9846,0.9999,0.9922,0.9030,3
AEL,HPC,2,0.9846,0.9999,0.9922,0.9030,4
AEL,HPC,2,0.9846,0.9999,0.9922,0.9030,5
AEL,HPC,2,0.9846,0.9999,0.9922,0.9030,6
AEL,HPC,2,0.9846,0.9999,0.9922,0.9030,7
AEL,HPC,2,0.9846,0.9999,0.9922,0.9030,8
AEL,HPC,2,0.9846,0.9999,0.9922,0.9030,9
AEL,HPC,2,0.9846,0.9999,0.9922,0.9030,10
AEL,Windows,2,0.9986,1.0000,0.9993,0.6895,1
AEL,Windows,2,0.9986,1.0000,0.9993,0.6895,2
AEL,Windows,2,0.9986,1.0000,0.9993,0.6895,3
AEL,Windows,2,0.9986,1.0000,0.9993,0.6895,4
AEL,Windows,2,0.9986,1.0000,0.9993,0.6895,5
AEL,Windows,2,0.9986,1.0000,0.9993,0.6895,6
AEL,Windows,2,0.9986,1.0000,0.9993,0.6895,7
AEL,Windows,2,0.9986,1.0000,0.9993,0.6895,8
AEL,Windows,2,0.9986,1.0000,0.9993,0.6895,9
AEL,Windows,2,0.9986,1.0000,0.9993,0.6895,10
AEL,HealthApp,2,0.9829,0.7707,0.8640,0.5675,1
AEL,HealthApp,2,0.9829,0.7707,0.8640,0.5675,2
AEL,HealthApp,2,0.9829,0.7707,0.8640,0.5675,3
AEL,HealthApp,2,0.9829,0.7707,0.8640,0.5675,4
AEL,HealthApp,2,0.9829,0.7707,0.8640,0.5675,5
AEL,HealthApp,2,0.9829,0.7707,0.8640,0.5675,6
AEL,HealthApp,2,0.9829,0.7707,0.8640,0.5675,7
AEL,HealthApp,2,0.9829,0.7707,0.8640,0.5675,8
AEL,HealthApp,2,0.9829,0.7707,0.8640,0.5675,9
AEL,HealthApp,2,0.9829,0.7707,0.8640,0.5675,10
AEL,Mac,2,0.9274,0.9996,0.9621,0.7635,1
AEL,Mac,2,0.9274,0.9996,0.9621,0.7635,2
AEL,Mac,2,0.9274,0.9996,0.9621,0.7635,3
AEL,Mac,2,0.9274,0.9996,0.9621,0.7635,4
AEL,Mac,2,0.9274,0.9996,0.9621,0.7635,5
AEL,Mac,2,0.9274,0.9996,0.9621,0.7635,6
AEL,Mac,2,0.9274,0.9996,0.9621,0.7635,7
AEL,Mac,2,0.9274,0.9996,0.9621,0.7635,8
AEL,Mac,2,0.9274,0.9996,0.9621,0.7635,9
AEL,Mac,2,0.9274,0.9996,0.9621,0.7635,10
AEL,Spark,2,0.9839,0.9983,0.9910,0.9050,1
AEL,Spark,2,0.9839,0.9983,0.9910,0.9050,2
AEL,Spark,2,0.9839,0.9983,0.9910,0.9050,3
AEL,Spark,2,0.9839,0.9983,0.9910,0.9050,4
AEL,Spark,2,0.9839,0.9983,0.9910,0.9050,5
AEL,Spark,2,0.9839,0.9983,0.9910,0.9050,6
AEL,Spark,2,0.9839,0.9983,0.9910,0.9050,7
AEL,Spark,2,0.9839,0.9983,0.9910,0.9050,8
AEL,Spark,2,0.9839,0.9983,0.9910,0.9050,9
AEL,Spark,2,0.9839,0.9983,0.9910,0.9050,10
Drain,BGL,2,0.9992,1.0000,0.9996,0.9625,1
Drain,BGL,2,0.9992,1.0000,0.9996,0.9625,2
Drain,BGL,2,0.9992,1.0000,0.9996,0.9625,3
Drain,BGL,2,0.9992,1.0000,0.9996,0.9625,4
Drain,BGL,2,0.9992,1.0000,0.9996,0.9625,5
Drain,BGL,2,0.9992,1.0000,0.9996,0.9625,6
Drain,BGL,2,0.9992,1.0000,0.9996,0.9625,7
Drain,BGL,2,0.9992,1.0000,0.9996,0.9625,8
Drain,BGL,2,0.9992,1.0000,0.9996,0.9625,9
Drain,BGL,2,0.9992,1.0000,0.9996,0.9625,10
Drain,OpenStack,2,0.9992,0.9860,0.9925,0.7325,1
Drain,OpenStack,2,0.9992,0.9860,0.9925,0.7325,2
Drain,OpenStack,2,0.9992,0.9860,0.9925,0.7325,3
Drain,OpenStack,2,0.9992,0.9860,0.9925,0.7325,4
Drain,OpenStack,2,0.9992,0.9860,0.9925,0.7325,5
Drain,OpenStack,2,0.9992,0.9860,0.9925,0.7325,6
Drain,OpenStack,2,0.9992,0.9860,0.9925,0.7325,7
Drain,OpenStack,2,0.9992,0.9860,0.9925,0.7325,8
Drain,OpenStack,2,0.9992,0.9860,0.9925,0.7325,9
Drain,OpenStack,2,0.9992,0.9860,0.9925,0.7325,10
Drain,HDFS,2,1.0000,1.0000,1.0000,0.9975,1
Drain,HDFS,2,1.0000,1.0000,1.0000,0.9975,2
Drain,HDFS,2,1.0000,1.0000,1.0000,0.9975,3
Drain,HDFS,2,1.0000,1.0000,1.0000,0.9975,4
Drain,HDFS,2,1.0000,1.0000,1.0000,0.9975,5
Drain,HDFS,2,1.0000,1.0000,1.0000,0.9975,6
Drain,HDFS,2,1.0000,1.0000,1.0000,0.9975,7
Drain,HDFS,2,1.0000,1.0000,1.0000,0.9975,8
Drain,HDFS,2,1.0000,1.0000,1.0000,0.9975,9
Drain,HDFS,2,1.0000,1.0000,1.0000,0.9975,10
Drain,Apache,2,1.0000,1.0000,1.0000,1.0000,1
Drain,Apache,2,1.0000,1.0000,1.0000,1.0000,2
Drain,Apache,2,1.0000,1.0000,1.0000,1.0000,3
Drain,Apache,2,1.0000,1.0000,1.0000,1.0000,4
Drain,Apache,2,1.0000,1.0000,1.0000,1.0000,5
Drain,Apache,2,1.0000,1.0000,1.0000,1.0000,6
Drain,Apache,2,1.0000,1.0000,1.0000,1.0000,7
Drain,Apache,2,1.0000,1.0000,1.0000,1.0000,8
Drain,Apache,2,1.0000,1.0000,1.0000,1.0000,9
Drain,Apache,2,1.0000,1.0000,1.0000,1.0000,10
Drain,HPC,2,0.9851,0.9963,0.9906,0.8870,1
Drain,HPC,2,0.9851,0.9963,0.9906,0.8870,2
Drain,HPC,2,0.9851,0.9963,0.9906,0.8870,3
Drain,HPC,2,0.9851,0.9963,0.9906,0.8870,4
Drain,HPC,2,0.9851,0.9963,0.9906,0.8870,5
Drain,HPC,2,0.9851,0.9963,0.9906,0.8870,6
Drain,HPC,2,0.9851,0.9963,0.9906,0.8870,7
Drain,HPC,2,0.9851,0.9963,0.9906,0.8870,8
Drain,HPC,2,0.9851,0.9963,0.9906,0.8870,9
Drain,HPC,2,0.9851,0.9963,0.9906,0.8870,10
Drain,Windows,2,1.0000,1.0000,1.0000,0.9970,1
Drain,Windows,2,1.0000,1.0000,1.0000,0.9970,2
Drain,Windows,2,1.0000,1.0000,1.0000,0.9970,3
Drain,Windows,2,1.0000,1.0000,1.0000,0.9970,4
Drain,Windows,2,1.0000,1.0000,1.0000,0.9970,5
Drain,Windows,2,1.0000,1.0000,1.0000,0.9970,6
Drain,Windows,2,1.0000,1.0000,1.0000,0.9970,7
Drain,Windows,2,1.0000,1.0000,1.0000,0.9970,8
Drain,Windows,2,1.0000,1.0000,1.0000,0.9970,9
Drain,Windows,2,1.0000,1.0000,1.0000,0.9970,10
Drain,HealthApp,2,0.9848,0.8603,0.9184,0.7800,1
Drain,HealthApp,2,0.9848,0.8603,0.9184,0.7800,2
Drain,HealthApp,2,0.9848,0.8603,0.9184,0.7800,3
Drain,HealthApp,2,0.9848,0.8603,0.9184,0.7800,4
Drain,HealthApp,2,0.9848,0.8603,0.9184,0.7800,5
Drain,HealthApp,2,0.9848,0.8603,0.9184,0.7800,6
Drain,HealthApp,2,0.9848,0.8603,0.9184,0.7800,7
Drain,HealthApp,2,0.9848,0.8603,0.9184,0.7800,8
Drain,HealthApp,2,0.9848,0.8603,0.9184,0.7800,9
Drain,HealthApp,2,0.9848,0.8603,0.9184,0.7800,10
Drain,Mac,2,0.9759,0.9750,0.9755,0.7865,1
Drain,Mac,2,0.9759,0.9750,0.9755,0.7865,2
Drain,Mac,2,0.9759,0.9750,0.9755,0.7865,3
Drain,Mac,2,0.9759,0.9750,0.9755,0.7865,4
Drain,Mac,2,0.9759,0.9750,0.9755,0.7865,5
Drain,Mac,2,0.9759,0.9750,0.9755,0.7865,6
Drain,Mac,2,0.9759,0.9750,0.9755,0.7865,7
Drain,Mac,2,0.9759,0.9750,0.9755,0.7865,8
Drain,Mac,2,0.9759,0.9750,0.9755,0.7865,9
Drain,Mac,2,0.9759,0.9750,0.9755,0.7865,10
Drain,Spark,2,0.9839,1.0000,0.9919,0.9200,1
Drain,Spark,2,0.9839,1.0000,0.9919,0.9200,2
Drain,Spark,2,0.9839,1.0000,0.9919,0.9200,3
Drain,Spark,2,0.9839,1.0000,0.9919,0.9200,4
Drain,Spark,2,0.9839,1.0000,0.9919,0.9200,5
Drain,Spark,2,0.9839,1.0000,0.9919,0.9200,6
Drain,Spark,2,0.9839,1.0000,0.9919,0.9200,7
Drain,Spark,2,0.9839,1.0000,0.9919,0.9200,8
Drain,Spark,2,0.9839,1.0000,0.9919,0.9200,9
Drain,Spark,2,0.9839,1.0000,0.9919,0.9200,10
IPLoM,BGL,2,0.9982,1.0000,0.9991,0.9390,1
IPLoM,BGL,2,0.9982,1.0000,0.9991,0.9390,2
IPLoM,BGL,2,0.9982,1.0000,0.9991,0.9390,3
IPLoM,BGL,2,0.9982,1.0000,0.9991,0.9390,4
IPLoM,BGL,2,0.9982,1.0000,0.9991,0.9390,5
IPLoM,BGL,2,0.9982,1.0000,0.9991,0.9390,6
IPLoM,BGL,2,0.9982,1.0000,0.9991,0.9390,7
IPLoM,BGL,2,0.9982,1.0000,0.9991,0.9390,8
IPLoM,BGL,2,0.9982,1.0000,0.9991,0.9390,9
IPLoM,BGL,2,0.9982,1.0000,0.9991,0.9390,10
IPLoM,OpenStack,2,0.8368,1.0000,0.9111,0.3410,1
IPLoM,OpenStack,2,0.8368,1.0000,0.9111,0.3410,2
IPLoM,OpenStack,2,0.8368,1.0000,0.9111,0.3410,3
IPLoM,OpenStack,2,0.8368,1.0000,0.9111,0.3410,4
IPLoM,OpenStack,2,0.8368,1.0000,0.9111,0.3410,5
IPLoM,OpenStack,2,0.8368,1.0000,0.9111,0.3410,6
IPLoM,OpenStack,2,0.8368,1.0000,0.9111,0.3410,7
IPLoM,OpenStack,2,0.8368,1.0000,0.9111,0.3410,8
IPLoM,OpenStack,2,0.8368,1.0000,0.9111,0.3410,9
IPLoM,OpenStack,2,0.8368,1.0000,0.9111,0.3410,10
IPLoM,HDFS,2,1.0000,1.0000,1.0000,1.0000,1
IPLoM,HDFS,2,1.0000,1.0000,1.0000,1.0000,2
IPLoM,HDFS,2,1.0000,1.0000,1.0000,1.0000,3
IPLoM,HDFS,2,1.0000,1.0000,1.0000,1.0000,4
IPLoM,HDFS,2,1.0000,1.0000,1.0000,1.0000,5
IPLoM,HDFS,2,1.0000,1.0000,1.0000,1.0000,6
IPLoM,HDFS,2,1.0000,1.0000,1.0000,1.0000,7
IPLoM,HDFS,2,1.0000,1.0000,1.0000,1.0000,8
IPLoM,HDFS,2,1.0000,1.0000,1.0000,1.0000,9
IPLoM,HDFS,2,1.0000,1.0000,1.0000,1.0000,10
IPLoM,Apache,2,1.0000,1.0000,1.0000,1.0000,1
IPLoM,Apache,2,1.0000,1.0000,1.0000,1.0000,2
IPLoM,Apache,2,1.0000,1.0000,1.0000,1.0000,3
IPLoM,Apache,2,1.0000,1.0000,1.0000,1.0000,4
IPLoM,Apache,2,1.0000,1.0000,1.0000,1.0000,5
IPLoM,Apache,2,1.0000,1.0000,1.0000,1.0000,6
IPLoM,Apache,2,1.0000,1.0000,1.0000,1.0000,7
IPLoM,Apache,2,1.0000,1.0000,1.0000,1.0000,8
IPLoM,Apache,2,1.0000,1.0000,1.0000,1.0000,9
IPLoM,Apache,2,1.0000,1.0000,1.0000,1.0000,10
IPLoM,HPC,2,0.9578,0.9999,0.9784,0.8290,1
IPLoM,HPC,2,0.9578,0.9999,0.9784,0.8290,2
IPLoM,HPC,2,0.9578,0.9999,0.9784,0.8290,3
IPLoM,HPC,2,0.9578,0.9999,0.9784,0.8290,4
IPLoM,HPC,2,0.9578,0.9999,0.9784,0.8290,5
IPLoM,HPC,2,0.9578,0.9999,0.9784,0.8290,6
IPLoM,HPC,2,0.9578,0.9999,0.9784,0.8290,7
IPLoM,HPC,2,0.9578,0.9999,0.9784,0.8290,8
IPLoM,HPC,2,0.9578,0.9999,0.9784,0.8290,9
IPLoM,HPC,2,0.9578,0.9999,0.9784,0.8290,10
IPLoM,Windows,2,0.9893,1.0000,0.9946,0.5660,1
IPLoM,Windows,2,0.9893,1.0000,0.9946,0.5660,2
IPLoM,Windows,2,0.9893,1.0000,0.9946,0.5660,3
IPLoM,Windows,2,0.9893,1.0000,0.9946,0.5660,4
IPLoM,Windows,2,0.9893,1.0000,0.9946,0.5660,5
IPLoM,Windows,2,0.9893,1.0000,0.9946,0.5660,6
IPLoM,Windows,2,0.9893,1.0000,0.9946,0.5660,7
IPLoM,Windows,2,0.9893,1.0000,0.9946,0.5660,8
IPLoM,Windows,2,0.9893,1.0000,0.9946,0.5660,9
IPLoM,Windows,2,0.9893,1.0000,0.9946,0.5660,10
IPLoM,HealthApp,2,0.9600,0.9563,0.9581,0.8215,1
IPLoM,HealthApp,2,0.9600,0.9563,0.9581,0.8215,2
IPLoM,HealthApp,2,0.9600,0.9563,0.9581,0.8215,3
IPLoM,HealthApp,2,0.9600,0.9563,0.9581,0.8215,4
IPLoM,HealthApp,2,0.9600,0.9563,0.9581,0.8215,5
IPLoM,HealthApp,2,0.9600,0.9563,0.9581,0.8215,6
IPLoM,HealthApp,2,0.9600,0.9563,0.9581,0.8215,7
IPLoM,HealthApp,2,0.9600,0.9563,0.9581,0.8215,8
IPLoM,HealthApp,2,0.9600,0.9563,0.9581,0.8215,9
IPLoM,HealthApp,2,0.9600,0.9563,0.9581,0.8215,10
IPLoM,Spark,2,0.9839,1.0000,0.9919,0.9200,1
IPLoM,Spark,2,0.9839,1.0000,0.9919,0.9200,2
IPLoM,Spark,2,0.9839,1.0000,0.9919,0.9200,3
IPLoM,Spark,2,0.9839,1.0000,0.9919,0.9200,4
IPLoM,Spark,2,0.9839,1.0000,0.9919,0.9200,5
IPLoM,Spark,2,0.9839,1.0000,0.9919,0.9200,6
IPLoM,Spark,2,0.9839,1.0000,0.9919,0.9200,7
IPLoM,Spark,2,0.9839,1.0000,0.9919,0.9200,8
IPLoM,Spark,2,0.9839,1.0000,0.9919,0.9200,9
IPLoM,Spark,2,0.9839,1.0000,0.9919,0.9200,10
Lenma,BGL,2,0.9997,0.8859,0.9394,0.6895,1
Lenma,BGL,2,0.9997,0.8859,0.9394,0.6895,2
Lenma,BGL,2,0.9997,0.8859,0.9394,0.6895,3
Lenma,BGL,2,0.9997,0.8859,0.9394,0.6895,4
Lenma,BGL,2,0.9997,0.8859,0.9394,0.6895,5
Lenma,BGL,2,0.9997,0.8859,0.9394,0.6895,6
Lenma,BGL,2,0.9997,0.8859,0.9394,0.6895,7
Lenma,BGL,2,0.9997,0.8859,0.9394,0.6895,8
Lenma,BGL,2,0.9997,0.8859,0.9394,0.6895,9
Lenma,BGL,2,0.9997,0.8859,0.9394,0.6895,10
Lenma,OpenStack,2,0.9930,0.9958,0.9944,0.7425,1
Lenma,OpenStack,2,0.9930,0.9958,0.9944,0.7425,2
Lenma,OpenStack,2,0.9930,0.9958,0.9944,0.7425,3
Lenma,OpenStack,2,0.9930,0.9958,0.9944,0.7425,4
Lenma,OpenStack,2,0.9930,0.9958,0.9944,0.7425,5
Lenma,OpenStack,2,0.9930,0.9958,0.9944,0.7425,6
Lenma,OpenStack,2,0.9930,0.9958,0.9944,0.7425,7
Lenma,OpenStack,2,0.9930,0.9958,0.9944,0.7425,8
Lenma,OpenStack,2,0.9930,0.9958,0.9944,0.7425,9
Lenma,OpenStack,2,0.9930,0.9958,0.9944,0.7425,10
Lenma,HDFS,2,1.0000,1.0000,1.0000,0.9975,1
Lenma,HDFS,2,1.0000,1.0000,1.0000,0.9975,2
Lenma,HDFS,2,1.0000,1.0000,1.0000,0.9975,3
Lenma,HDFS,2,1.0000,1.0000,1.0000,0.9975,4
Lenma,HDFS,2,1.0000,1.0000,1.0000,0.9975,5
Lenma,HDFS,2,1.0000,1.0000,1.0000,0.9975,6
Lenma,HDFS,2,1.0000,1.0000,1.0000,0.9975,7
Lenma,HDFS,2,1.0000,1.0000,1.0000,0.9975,8
Lenma,HDFS,2,1.0000,1.0000,1.0000,0.9975,9
Lenma,HDFS,2,1.0000,1.0000,1.0000,0.9975,10
Lenma,Apache,2,1.0000,1.0000,1.0000,1.0000,1
Lenma,Apache,2,1.0000,1.0000,1.0000,1.0000,2
Lenma,Apache,2,1.0000,1.0000,1.0000,1.0000,3
Lenma,Apache,2,1.0000,1.0000,1.0000,1.0000,4
Lenma,Apache,2,1.0000,1.0000,1.0000,1.0000,5
Lenma,Apache,2,1.0000,1.0000,1.0000,1.0000,6
Lenma,Apache,2,1.0000,1.0000,1.0000,1.0000,7
Lenma,Apache,2,1.0000,1.0000,1.0000,1.0000,8
Lenma,Apache,2,1.0000,1.0000,1.0000,1.0000,9
Lenma,Apache,2,1.0000,1.0000,1.0000,1.0000,10
Lenma,HPC,2,0.9843,0.9774,0.9808,0.8295,1
Lenma,HPC,2,0.9843,0.9774,0.9808,0.8295,2
Lenma,HPC,2,0.9843,0.9774,0.9808,0.8295,3
Lenma,HPC,2,0.9843,0.9774,0.9808,0.8295,4
Lenma,HPC,2,0.9843,0.9774,0.9808,0.8295,5
Lenma,HPC,2,0.9843,0.9774,0.9808,0.8295,6
Lenma,HPC,2,0.9843,0.9774,0.9808,0.8295,7
Lenma,HPC,2,0.9843,0.9774,0.9808,0.8295,8
Lenma,HPC,2,0.9843,0.9774,0.9808,0.8295,9
Lenma,HPC,2,0.9843,0.9774,0.9808,0.8295,10
Lenma,Windows,2,0.9893,0.9999,0.9946,0.5655,1
Lenma,Windows,2,0.9893,0.9999,0.9946,0.5655,2
Lenma,Windows,2,0.9893,0.9999,0.9946,0.5655,3
Lenma,Windows,2,0.9893,0.9999,0.9946,0.5655,4
Lenma,Windows,2,0.9893,0.9999,0.9946,0.5655,5
Lenma,Windows,2,0.9893,0.9999,0.9946,0.5655,6
Lenma,Windows,2,0.9893,0.9999,0.9946,0.5655,7
Lenma,Windows,2,0.9893,0.9999,0.9946,0.5655,8
Lenma,Windows,2,0.9893,0.9999,0.9946,0.5655,9
Lenma,Windows,2,0.9893,0.9999,0.9946,0.5655,10
Lenma,HealthApp,2,0.9999,0.2453,0.3940,0.1740,1
Lenma,HealthApp,2,0.9999,0.2453,0.3940,0.1740,2
Lenma,HealthApp,2,0.9999,0.2453,0.3940,0.1740,3
Lenma,HealthApp,2,0.9999,0.2453,0.3940,0.1740,4
Lenma,HealthApp,2,0.9999,0.2453,0.3940,0.1740,5
Lenma,HealthApp,2,0.9999,0.2453,0.3940,0.1740,6
Lenma,HealthApp,2,0.9999,0.2453,0.3940,0.1740,7
Lenma,HealthApp,2,0.9999,0.2453,0.3940,0.1740,8
Lenma,HealthApp,2,0.9999,0.2453,0.3940,0.1740,9
Lenma,HealthApp,2,0.9999,0.2453,0.3940,0.1740,10
Lenma,Mac,2,0.9646,0.9527,0.9587,0.6980,1
Lenma,Mac,2,0.9646,0.9527,0.9587,0.6980,2
Lenma,Mac,2,0.9646,0.9527,0.9587,0.6980,3
Lenma,Mac,2,0.9646,0.9527,0.9587,0.6980,4
Lenma,Mac,2,0.9646,0.9527,0.9587,0.6980,5
Lenma,Mac,2,0.9646,0.9527,0.9587,0.6980,6
Lenma,Mac,2,0.9646,0.9527,0.9587,0.6980,7
Lenma,Mac,2,0.9646,0.9527,0.9587,0.6980,8
Lenma,Mac,2,0.9646,0.9527,0.9587,0.6980,9
Lenma,Mac,2,0.9646,0.9527,0.9587,0.6980,10
Lenma,Spark,2,0.9838,0.9944,0.9891,0.8835,1
Lenma,Spark,2,0.9838,0.9944,0.9891,0.8835,2
Lenma,Spark,2,0.9838,0.9944,0.9891,0.8835,3
Lenma,Spark,2,0.9838,0.9944,0.9891,0.8835,4
Lenma,Spark,2,0.9838,0.9944,0.9891,0.8835,5
Lenma,Spark,2,0.9838,0.9944,0.9891,0.8835,6
Lenma,Spark,2,0.9838,0.9944,0.9891,0.8835,7
Lenma,Spark,2,0.9838,0.9944,0.9891,0.8835,8
Lenma,Spark,2,0.9838,0.9944,0.9891,0.8835,9
Lenma,Spark,2,0.9838,0.9944,0.9891,0.8835,10
LFA,BGL,2,0.9962,0.9996,0.9979,0.8540,1
LFA,BGL,2,0.9962,0.9996,0.9979,0.8540,2
LFA,BGL,2,0.9962,0.9996,0.9979,0.8540,3
LFA,BGL,2,0.9962,0.9996,0.9979,0.8540,4
LFA,BGL,2,0.9962,0.9996,0.9979,0.8540,5
LFA,BGL,2,0.9962,0.9996,0.9979,0.8540,6
LFA,BGL,2,0.9962,0.9996,0.9979,0.8540,7
LFA,BGL,2,0.9962,0.9996,0.9979,0.8540,8
LFA,BGL,2,0.9962,0.9996,0.9979,0.8540,9
LFA,BGL,2,0.9962,0.9996,0.9979,0.8540,10
LFA,OpenStack,2,0.8213,1.0000,0.9019,0.2000,1
LFA,OpenStack,2,0.8213,1.0000,0.9019,0.2000,2
LFA,OpenStack,2,0.8213,1.0000,0.9019,0.2000,3
LFA,OpenStack,2,0.8213,1.0000,0.9019,0.2000,4
LFA,OpenStack,2,0.8213,1.0000,0.9019,0.2000,5
LFA,OpenStack,2,0.8213,1.0000,0.9019,0.2000,6
LFA,OpenStack,2,0.8213,1.0000,0.9019,0.2000,7
LFA,OpenStack,2,0.8213,1.0000,0.9019,0.2000,8
LFA,OpenStack,2,0.8213,1.0000,0.9019,0.2000,9
LFA,OpenStack,2,0.8213,1.0000,0.9019,0.2000,10
LFA,HDFS,2,0.9991,1.0000,0.9995,0.8850,1
LFA,HDFS,2,0.9991,1.0000,0.9995,0.8850,2
LFA,HDFS,2,0.9991,1.0000,0.9995,0.8850,3
LFA,HDFS,2,0.9991,1.0000,0.9995,0.8850,4
LFA,HDFS,2,0.9991,1.0000,0.9995,0.8850,5
LFA,HDFS,2,0.9991,1.0000,0.9995,0.8850,6
LFA,HDFS,2,0.9991,1.0000,0.9995,0.8850,7
LFA,HDFS,2,0.9991,1.0000,0.9995,0.8850,8
LFA,HDFS,2,0.9991,1.0000,0.9995,0.8850,9
LFA,HDFS,2,0.9991,1.0000,0.9995,0.8850,10
LFA,Apache,2,1.0000,1.0000,1.0000,1.0000,1
LFA,Apache,2,1.0000,1.0000,1.0000,1.0000,2
LFA,Apache,2,1.0000,1.0000,1.0000,1.0000,3
LFA,Apache,2,1.0000,1.0000,1.0000,1.0000,4
LFA,Apache,2,1.0000,1.0000,1.0000,1.0000,5
LFA,Apache,2,1.0000,1.0000,1.0000,1.0000,6
LFA,Apache,2,1.0000,1.0000,1.0000,1.0000,7
LFA,Apache,2,1.0000,1.0000,1.0000,1.0000,8
LFA,Apache,2,1.0000,1.0000,1.0000,1.0000,9
LFA,Apache,2,1.0000,1.0000,1.0000,1.0000,10
LFA,HPC,2,0.9607,0.9915,0.9759,0.8165,1
LFA,HPC,2,0.9607,0.9915,0.9759,0.8165,2
LFA,HPC,2,0.9607,0.9915,0.9759,0.8165,3
LFA,HPC,2,0.9607,0.9915,0.9759,0.8165,4
LFA,HPC,2,0.9607,0.9915,0.9759,0.8165,5
LFA,HPC,2,0.9607,0.9915,0.9759,0.8165,6
LFA,HPC,2,0.9607,0.9915,0.9759,0.8165,7
LFA,HPC,2,0.9607,0.9915,0.9759,0.8165,8
LFA,HPC,2,0.9607,0.9915,0.9759,0.8165,9
LFA,HPC,2,0.9607,0.9915,0.9759,0.8165,10
LFA,Windows,2,0.9889,0.8431,0.9102,0.5880,1
LFA,Windows,2,0.9889,0.8431,0.9102,0.5880,2
LFA,Windows,2,0.9889,0.8431,0.9102,0.5880,3
LFA,Windows,2,0.9889,0.8431,0.9102,0.5880,4
LFA,Windows,2,0.9889,0.8431,0.9102,0.5880,5
LFA,Windows,2,0.9889,0.8431,0.9102,0.5880,6
LFA,Windows,2,0.9889,0.8431,0.9102,0.5880,7
LFA,Windows,2,0.9889,0.8431,0.9102,0.5880,8
LFA,Windows,2,0.9889,0.8431,0.9102,0.5880,9
LFA,Windows,2,0.9889,0.8431,0.9102,0.5880,10
LFA,HealthApp,2,0.9842,0.8584,0.9170,0.5485,1
LFA,HealthApp,2,0.9842,0.8584,0.9170,0.5485,2
LFA,HealthApp,2,0.9842,0.8584,0.9170,0.5485,3
LFA,HealthApp,2,0.9842,0.8584,0.9170,0.5485,4
LFA,HealthApp,2,0.9842,0.8584,0.9170,0.5485,5
LFA,HealthApp,2,0.9842,0.8584,0.9170,0.5485,6
LFA,HealthApp,2,0.9842,0.8584,0.9170,0.5485,7
LFA,HealthApp,2,0.9842,0.8584,0.9170,0.5485,8
LFA,HealthApp,2,0.9842,0.8584,0.9170,0.5485,9
LFA,HealthApp,2,0.9842,0.8584,0.9170,0.5485,10
LFA,Mac,2,0.8813,0.9925,0.9336,0.5990,1
LFA,Mac,2,0.8813,0.9925,0.9336,0.5990,2
LFA,Mac,2,0.8813,0.9925,0.9336,0.5990,3
LFA,Mac,2,0.8813,0.9925,0.9336,0.5990,4
LFA,Mac,2,0.8813,0.9925,0.9336,0.5990,5
LFA,Mac,2,0.8813,0.9925,0.9336,0.5990,6
LFA,Mac,2,0.8813,0.9925,0.9336,0.5990,7
LFA,Mac,2,0.8813,0.9925,0.9336,0.5990,8
LFA,Mac,2,0.8813,0.9925,0.9336,0.5990,9
LFA,Mac,2,0.8813,0.9925,0.9336,0.5990,10
LFA,Spark,2,0.9999,1.0000,1.0000,0.9935,1
LFA,Spark,2,0.9999,1.0000,1.0000,0.9935,2
LFA,Spark,2,0.9999,1.0000,1.0000,0.9935,3
LFA,Spark,2,0.9999,1.0000,1.0000,0.9935,4
LFA,Spark,2,0.9999,1.0000,1.0000,0.9935,5
LFA,Spark,2,0.9999,1.0000,1.0000,0.9935,6
LFA,Spark,2,0.9999,1.0000,1.0000,0.9935,7
LFA,Spark,2,0.9999,1.0000,1.0000,0.9935,8
LFA,Spark,2,0.9999,1.0000,1.0000,0.9935,9
LFA,Spark,2,0.9999,1.0000,1.0000,0.9935,10
LKE,BGL,2,0.9962,0.9996,0.9979,0.8540,1
LKE,BGL,2,0.9962,0.9996,0.9979,0.8540,2
LKE,BGL,2,0.9962,0.9996,0.9979,0.8540,3
LKE,BGL,2,0.9962,0.9996,0.9979,0.8540,4
LKE,BGL,2,0.9962,0.9996,0.9979,0.8540,5
LKE,BGL,2,0.9962,0.9996,0.9979,0.8540,6
LKE,BGL,2,0.9962,0.9996,0.9979,0.8540,7
LKE,BGL,2,0.9962,0.9996,0.9979,0.8540,8
LKE,BGL,2,0.9962,0.9996,0.9979,0.8540,9
LKE,BGL,2,0.9962,0.9996,0.9979,0.8540,10
LKE,OpenStack,2,0.8213,1.0000,0.9019,0.2000,1
LKE,OpenStack,2,0.8213,1.0000,0.9019,0.2000,2
LKE,OpenStack,2,0.8213,1.0000,0.9019,0.2000,3
LKE,OpenStack,2,0.8213,1.0000,0.9019,0.2000,4
LKE,OpenStack,2,0.8213,1.0000,0.9019,0.2000,5
LKE,OpenStack,2,0.8213,1.0000,0.9019,0.2000,6
LKE,OpenStack,2,0.8213,1.0000,0.9019,0.2000,7
LKE,OpenStack,2,0.8213,1.0000,0.9019,0.2000,8
LKE,OpenStack,2,0.8213,1.0000,0.9019,0.2000,9
LKE,OpenStack,2,0.8213,1.0000,0.9019,0.2000,10
LKE,HDFS,2,0.9991,1.0000,0.9995,0.8850,1
LKE,HDFS,2,0.9991,1.0000,0.9995,0.8850,2
LKE,HDFS,2,0.9991,1.0000,0.9995,0.8850,3
LKE,HDFS,2,0.9991,1.0000,0.9995,0.8850,4
LKE,HDFS,2,0.9991,1.0000,0.9995,0.8850,5
LKE,HDFS,2,0.9991,1.0000,0.9995,0.8850,6
LKE,HDFS,2,0.9991,1.0000,0.9995,0.8850,7
LKE,HDFS,2,0.9991,1.0000,0.9995,0.8850,8
LKE,HDFS,2,0.9991,1.0000,0.9995,0.8850,9
LKE,HDFS,2,0.9991,1.0000,0.9995,0.8850,10
LKE,Apache,2,1.0000,1.0000,1.0000,1.0000,1
LKE,Apache,2,1.0000,1.0000,1.0000,1.0000,2
LKE,Apache,2,1.0000,1.0000,1.0000,1.0000,3
LKE,Apache,2,1.0000,1.0000,1.0000,1.0000,4
LKE,Apache,2,1.0000,1.0000,1.0000,1.0000,5
LKE,Apache,2,1.0000,1.0000,1.0000,1.0000,6
LKE,Apache,2,1.0000,1.0000,1.0000,1.0000,7
LKE,Apache,2,1.0000,1.0000,1.0000,1.0000,8
LKE,Apache,2,1.0000,1.0000,1.0000,1.0000,9
LKE,Apache,2,1.0000,1.0000,1.0000,1.0000,10
LKE,HPC,2,0.9607,0.9915,0.9759,0.8165,1
LKE,HPC,2,0.9607,0.9915,0.9759,0.8165,2
LKE,HPC,2,0.9607,0.9915,0.9759,0.8165,3
LKE,HPC,2,0.9607,0.9915,0.9759,0.8165,4
LKE,HPC,2,0.9607,0.9915,0.9759,0.8165,5
LKE,HPC,2,0.9607,0.9915,0.9759,0.8165,6
LKE,HPC,2,0.9607,0.9915,0.9759,0.8165,7
LKE,HPC,2,0.9607,0.9915,0.9759,0.8165,8
LKE,HPC,2,0.9607,0.9915,0.9759,0.8165,9
LKE,HPC,2,0.9607,0.9915,0.9759,0.8165,10
LKE,Windows,2,0.9889,0.8431,0.9102,0.5880,1
LKE,Windows,2,0.9889,0.8431,0.9102,0.5880,2
LKE,Windows,2,0.9889,0.8431,0.9102,0.5880,3
LKE,Windows,2,0.9889,0.8431,0.9102,0.5880,4
LKE,Windows,2,0.9889,0.8431,0.9102,0.5880,5
LKE,Windows,2,0.9889,0.8431,0.9102,0.5880,6
LKE,Windows,2,0.9889,0.8431,0.9102,0.5880,7
LKE,Windows,2,0.9889,0.8431,0.9102,0.5880,8
LKE,Windows,2,0.9889,0.8431,0.9102,0.5880,9
LKE,Windows,2,0.9889,0.8431,0.9102,0.5880,10
LKE,HealthApp,2,0.9842,0.8584,0.9170,0.5485,1
LKE,HealthApp,2,0.9842,0.8584,0.9170,0.5485,2
LKE,HealthApp,2,0.9842,0.8584,0.9170,0.5485,3
LKE,HealthApp,2,0.9842,0.8584,0.9170,0.5485,4
LKE,HealthApp,2,0.9842,0.8584,0.9170,0.5485,5
LKE,HealthApp,2,0.9842,0.8584,0.9170,0.5485,6
LKE,HealthApp,2,0.9842,0.8584,0.9170,0.5485,7
LKE,HealthApp,2,0.9842,0.8584,0.9170,0.5485,8
LKE,HealthApp,2,0.9842,0.8584,0.9170,0.5485,9
LKE,HealthApp,2,0.9842,0.8584,0.9170,0.5485,10
LKE,Mac,2,0.8813,0.9925,0.9336,0.5990,1
LKE,Mac,2,0.8813,0.9925,0.9336,0.5990,2
LKE,Mac,2,0.8813,0.9925,0.9336,0.5990,3
LKE,Mac,2,0.8813,0.9925,0.9336,0.5990,4
LKE,Mac,2,0.8813,0.9925,0.9336,0.5990,5
LKE,Mac,2,0.8813,0.9925,0.9336,0.5990,6
LKE,Mac,2,0.8813,0.9925,0.9336,0.5990,7
LKE,Mac,2,0.8813,0.9925,0.9336,0.5990,8
LKE,Mac,2,0.8813,0.9925,0.9336,0.5990,9
LKE,Mac,2,0.8813,0.9925,0.9336,0.5990,10
LKE,Spark,2,0.9999,1.0000,1.0000,0.9935,1
LKE,Spark,2,0.9999,1.0000,1.0000,0.9935,2
LKE,Spark,2,0.9999,1.0000,1.0000,0.9935,3
LKE,Spark,2,0.9999,1.0000,1.0000,0.9935,4
LKE,Spark,2,0.9999,1.0000,1.0000,0.9935,5
LKE,Spark,2,0.9999,1.0000,1.0000,0.9935,6
LKE,Spark,2,0.9999,1.0000,1.0000,0.9935,7
LKE,Spark,2,0.9999,1.0000,1.0000,0.9935,8
LKE,Spark,2,0.9999,1.0000,1.0000,0.9935,9
LKE,Spark,2,0.9999,1.0000,1.0000,0.9935,10
LogCluster,BGL,2,0.9989,0.9950,0.9970,0.8350,1
LogCluster,BGL,2,0.9989,0.9950,0.9970,0.8350,2
LogCluster,BGL,2,0.9989,0.9950,0.9970,0.8350,3
LogCluster,BGL,2,0.9989,0.9950,0.9970,0.8350,4
LogCluster,BGL,2,0.9989,0.9950,0.9970,0.8350,5
LogCluster,BGL,2,0.9989,0.9950,0.9970,0.8350,6
LogCluster,BGL,2,0.9989,0.9950,0.9970,0.8350,7
LogCluster,BGL,2,0.9989,0.9950,0.9970,0.8350,8
LogCluster,BGL,2,0.9989,0.9950,0.9970,0.8350,9
LogCluster,BGL,2,0.9989,0.9950,0.9970,0.8350,10
LogCluster,OpenStack,2,0.9846,0.9902,0.9874,0.6955,1
LogCluster,OpenStack,2,0.9846,0.9902,0.9874,0.6955,2
LogCluster,OpenStack,2,0.9846,0.9902,0.9874,0.6955,3
LogCluster,OpenStack,2,0.9846,0.9902,0.9874,0.6955,4
LogCluster,OpenStack,2,0.9846,0.9902,0.9874,0.6955,5
LogCluster,OpenStack,2,0.9846,0.9902,0.9874,0.6955,6
LogCluster,OpenStack,2,0.9846,0.9902,0.9874,0.6955,7
LogCluster,OpenStack,2,0.9846,0.9902,0.9874,0.6955,8
LogCluster,OpenStack,2,0.9846,0.9902,0.9874,0.6955,9
LogCluster,OpenStack,2,0.9846,0.9902,0.9874,0.6955,10
LogCluster,HDFS,2,1.0000,0.9081,0.9519,0.5460,1
LogCluster,HDFS,2,1.0000,0.9081,0.9519,0.5460,2
LogCluster,HDFS,2,1.0000,0.9081,0.9519,0.5460,3
LogCluster,HDFS,2,1.0000,0.9081,0.9519,0.5460,4
LogCluster,HDFS,2,1.0000,0.9081,0.9519,0.5460,5
LogCluster,HDFS,2,1.0000,0.9081,0.9519,0.5460,6
LogCluster,HDFS,2,1.0000,0.9081,0.9519,0.5460,7
LogCluster,HDFS,2,1.0000,0.9081,0.9519,0.5460,8
LogCluster,HDFS,2,1.0000,0.9081,0.9519,0.5460,9
LogCluster,HDFS,2,1.0000,0.9081,0.9519,0.5460,10
LogCluster,Apache,2,1.0000,0.8911,0.9424,0.7085,1
LogCluster,Apache,2,1.0000,0.8911,0.9424,0.7085,2
LogCluster,Apache,2,1.0000,0.8911,0.9424,0.7085,3
LogCluster,Apache,2,1.0000,0.8911,0.9424,0.7085,4
LogCluster,Apache,2,1.0000,0.8911,0.9424,0.7085,5
LogCluster,Apache,2,1.0000,0.8911,0.9424,0.7085,6
LogCluster,Apache,2,1.0000,0.8911,0.9424,0.7085,7
LogCluster,Apache,2,1.0000,0.8911,0.9424,0.7085,8
LogCluster,Apache,2,1.0000,0.8911,0.9424,0.7085,9
LogCluster,Apache,2,1.0000,0.8911,0.9424,0.7085,10
LogCluster,HPC,2,1.0000,0.9716,0.9856,0.7875,1
LogCluster,HPC,2,1.0000,0.9716,0.9856,0.7875,2
LogCluster,HPC,2,1.0000,0.9716,0.9856,0.7875,3
LogCluster,HPC,2,1.0000,0.9716,0.9856,0.7875,4
LogCluster,HPC,2,1.0000,0.9716,0.9856,0.7875,5
LogCluster,HPC,2,1.0000,0.9716,0.9856,0.7875,6
LogCluster,HPC,2,1.0000,0.9716,0.9856,0.7875,7
LogCluster,HPC,2,1.0000,0.9716,0.9856,0.7875,8
LogCluster,HPC,2,1.0000,0.9716,0.9856,0.7875,9
LogCluster,HPC,2,1.0000,0.9716,0.9856,0.7875,10
LogCluster,Windows,2,1.0000,0.8303,0.9073,0.7130,1
LogCluster,Windows,2,1.0000,0.8303,0.9073,0.7130,2
LogCluster,Windows,2,1.0000,0.8303,0.9073,0.7130,3
LogCluster,Windows,2,1.0000,0.8303,0.9073,0.7130,4
LogCluster,Windows,2,1.0000,0.8303,0.9073,0.7130,5
LogCluster,Windows,2,1.0000,0.8303,0.9073,0.7130,6
LogCluster,Windows,2,1.0000,0.8303,0.9073,0.7130,7
LogCluster,Windows,2,1.0000,0.8303,0.9073,0.7130,8
LogCluster,Windows,2,1.0000,0.8303,0.9073,0.7130,9
LogCluster,Windows,2,1.0000,0.8303,0.9073,0.7130,10
LogCluster,HealthApp,2,1.0000,0.6114,0.7589,0.5305,1
LogCluster,HealthApp,2,1.0000,0.6114,0.7589,0.5305,2
LogCluster,HealthApp,2,1.0000,0.6114,0.7589,0.5305,3
LogCluster,HealthApp,2,1.0000,0.6114,0.7589,0.5305,4
LogCluster,HealthApp,2,1.0000,0.6114,0.7589,0.5305,5
LogCluster,HealthApp,2,1.0000,0.6114,0.7589,0.5305,6
LogCluster,HealthApp,2,1.0000,0.6114,0.7589,0.5305,7
LogCluster,HealthApp,2,1.0000,0.6114,0.7589,0.5305,8
LogCluster,HealthApp,2,1.0000,0.6114,0.7589,0.5305,9
LogCluster,HealthApp,2,1.0000,0.6114,0.7589,0.5305,10
LogCluster,Mac,2,0.9977,0.8752,0.9324,0.6035,1
LogCluster,Mac,2,0.9977,0.8752,0.9324,0.6035,2
LogCluster,Mac,2,0.9977,0.8752,0.9324,0.6035,3
LogCluster,Mac,2,0.9977,0.8752,0.9324,0.6035,4
LogCluster,Mac,2,0.9977,0.8752,0.9324,0.6035,5
LogCluster,Mac,2,0.9977,0.8752,0.9324,0.6035,6
LogCluster,Mac,2,0.9977,0.8752,0.9324,0.6035,7
LogCluster,Mac,2,0.9977,0.8752,0.9324,0.6035,8
LogCluster,Mac,2,0.9977,0.8752,0.9324,0.6035,9
LogCluster,Mac,2,0.9977,0.8752,0.9324,0.6035,10
LogCluster,Spark,2,1.0000,0.9494,0.9740,0.7985,1
LogCluster,Spark,2,1.0000,0.9494,0.9740,0.7985,2
LogCluster,Spark,2,1.0000,0.9494,0.9740,0.7985,3
LogCluster,Spark,2,1.0000,0.9494,0.9740,0.7985,4
LogCluster,Spark,2,1.0000,0.9494,0.9740,0.7985,5
LogCluster,Spark,2,1.0000,0.9494,0.9740,0.7985,6
LogCluster,Spark,2,1.0000,0.9494,0.9740,0.7985,7
LogCluster,Spark,2,1.0000,0.9494,0.9740,0.7985,8
LogCluster,Spark,2,1.0000,0.9494,0.9740,0.7985,9
LogCluster,Spark,2,1.0000,0.9494,0.9740,0.7985,10
LogMine,BGL,2,0.9447,0.9994,0.9713,0.7230,1
LogMine,BGL,2,0.9447,0.9994,0.9713,0.7230,2
LogMine,BGL,2,0.9447,0.9994,0.9713,0.7230,3
LogMine,BGL,2,0.9447,0.9994,0.9713,0.7230,4
LogMine,BGL,2,0.9447,0.9994,0.9713,0.7230,5
LogMine,BGL,2,0.9447,0.9994,0.9713,0.7230,6
LogMine,BGL,2,0.9447,0.9994,0.9713,0.7230,7
LogMine,BGL,2,0.9447,0.9994,0.9713,0.7230,8
LogMine,BGL,2,0.9447,0.9994,0.9713,0.7230,9
LogMine,BGL,2,0.9447,0.9994,0.9713,0.7230,10
LogMine,OpenStack,2,1.0000,0.9883,0.9941,0.7430,1
LogMine,OpenStack,2,1.0000,0.9883,0.9941,0.7430,2
LogMine,OpenStack,2,1.0000,0.9883,0.9941,0.7430,3
LogMine,OpenStack,2,1.0000,0.9883,0.9941,0.7430,4
LogMine,OpenStack,2,1.0000,0.9883,0.9941,0.7430,5
LogMine,OpenStack,2,1.0000,0.9883,0.9941,0.7430,6
LogMine,OpenStack,2,1.0000,0.9883,0.9941,0.7430,7
LogMine,OpenStack,2,1.0000,0.9883,0.9941,0.7430,8
LogMine,OpenStack,2,1.0000,0.9883,0.9941,0.7430,9
LogMine,OpenStack,2,1.0000,0.9883,0.9941,0.7430,10
LogMine,HDFS,2,0.9977,1.0000,0.9988,0.8505,1
LogMine,HDFS,2,0.9977,1.0000,0.9988,0.8505,2
LogMine,HDFS,2,0.9977,1.0000,0.9988,0.8505,3
LogMine,HDFS,2,0.9977,1.0000,0.9988,0.8505,4
LogMine,HDFS,2,0.9977,1.0000,0.9988,0.8505,5
LogMine,HDFS,2,0.9977,1.0000,0.9988,0.8505,6
LogMine,HDFS,2,0.9977,1.0000,0.9988,0.8505,7
LogMine,HDFS,2,0.9977,1.0000,0.9988,0.8505,8
LogMine,HDFS,2,0.9977,1.0000,0.9988,0.8505,9
LogMine,HDFS,2,0.9977,1.0000,0.9988,0.8505,10
LogMine,Apache,2,1.0000,1.0000,1.0000,1.0000,1
LogMine,Apache,2,1.0000,1.0000,1.0000,1.0000,2
LogMine,Apache,2,1.0000,1.0000,1.0000,1.0000,3
LogMine,Apache,2,1.0000,1.0000,1.0000,1.0000,4
LogMine,Apache,2,1.0000,1.0000,1.0000,1.0000,5
LogMine,Apache,2,1.0000,1.0000,1.0000,1.0000,6
LogMine,Apache,2,1.0000,1.0000,1.0000,1.0000,7
LogMine,Apache,2,1.0000,1.0000,1.0000,1.0000,8
LogMine,Apache,2,1.0000,1.0000,1.0000,1.0000,9
LogMine,Apache,2,1.0000,1.0000,1.0000,1.0000,10
LogMine,HPC,2,1.0000,0.9527,0.9758,0.7840,1
LogMine,HPC,2,1.0000,0.9527,0.9758,0.7840,2
LogMine,HPC,2,1.0000,0.9527,0.9758,0.7840,3
LogMine,HPC,2,1.0000,0.9527,0.9758,0.7840,4
LogMine,HPC,2,1.0000,0.9527,0.9758,0.7840,5
LogMine,HPC,2,1.0000,0.9527,0.9758,0.7840,6
LogMine,HPC,2,1.0000,0.9527,0.9758,0.7840,7
LogMine,HPC,2,1.0000,0.9527,0.9758,0.7840,8
LogMine,HPC,2,1.0000,0.9527,0.9758,0.7840,9
LogMine,HPC,2,1.0000,0.9527,0.9758,0.7840,10
LogMine,Windows,2,1.0000,1.0000,1.0000,0.9925,1
LogMine,Windows,2,1.0000,1.0000,1.0000,0.9925,2
LogMine,Windows,2,1.0000,1.0000,1.0000,0.9925,3
LogMine,Windows,2,1.0000,1.0000,1.0000,0.9925,4
LogMine,Windows,2,1.0000,1.0000,1.0000,0.9925,5
LogMine,Windows,2,1.0000,1.0000,1.0000,0.9925,6
LogMine,Windows,2,1.0000,1.0000,1.0000,0.9925,7
LogMine,Windows,2,1.0000,1.0000,1.0000,0.9925,8
LogMine,Windows,2,1.0000,1.0000,1.0000,0.9925,9
LogMine,Windows,2,1.0000,1.0000,1.0000,0.9925,10
LogMine,HealthApp,2,0.9837,0.8596,0.9175,0.6840,1
LogMine,HealthApp,2,0.9837,0.8596,0.9175,0.6840,2
LogMine,HealthApp,2,0.9837,0.8596,0.9175,0.6840,3
LogMine,HealthApp,2,0.9837,0.8596,0.9175,0.6840,4
LogMine,HealthApp,2,0.9837,0.8596,0.9175,0.6840,5
LogMine,HealthApp,2,0.9837,0.8596,0.9175,0.6840,6
LogMine,HealthApp,2,0.9837,0.8596,0.9175,0.6840,7
LogMine,HealthApp,2,0.9837,0.8596,0.9175,0.6840,8
LogMine,HealthApp,2,0.9837,0.8596,0.9175,0.6840,9
LogMine,HealthApp,2,0.9837,0.8596,0.9175,0.6840,10
LogMine,Mac,2,0.9704,0.9927,0.9814,0.8720,1
LogMine,Mac,2,0.9704,0.9927,0.9814,0.8720,2
LogMine,Mac,2,0.9704,0.9927,0.9814,0.8720,3
LogMine,Mac,2,0.9704,0.9927,0.9814,0.8720,4
LogMine,Mac,2,0.9704,0.9927,0.9814,0.8720,5
LogMine,Mac,2,0.9704,0.9927,0.9814,0.8720,6
LogMine,Mac,2,0.9704,0.9927,0.9814,0.8720,7
LogMine,Mac,2,0.9704,0.9927,0.9814,0.8720,8
LogMine,Mac,2,0.9704,0.9927,0.9814,0.8720,9
LogMine,Mac,2,0.9704,0.9927,0.9814,0.8720,10
LogMine,Spark,2,0.7261,0.9996,0.8412,0.5755,1
LogMine,Spark,2,0.7261,0.9996,0.8412,0.5755,2
LogMine,Spark,2,0.7261,0.9996,0.8412,0.5755,3
LogMine,Spark,2,0.7261,0.9996,0.8412,0.5755,4
LogMine,Spark,2,0.7261,0.9996,0.8412,0.5755,5
LogMine,Spark,2,0.7261,0.9996,0.8412,0.5755,6
LogMine,Spark,2,0.7261,0.9996,0.8412,0.5755,7
LogMine,Spark,2,0.7261,0.9996,0.8412,0.5755,8
LogMine,Spark,2,0.7261,0.9996,0.8412,0.5755,9
LogMine,Spark,2,0.7261,0.9996,0.8412,0.5755,10
LogSig,BGL,2,0.9590,0.9120,0.9349,0.2265,1
LogSig,BGL,2,0.9590,0.9120,0.9349,0.2265,2
LogSig,BGL,2,0.9590,0.9120,0.9349,0.2265,3
LogSig,BGL,2,0.9590,0.9120,0.9349,0.2265,4
LogSig,BGL,2,0.9590,0.9120,0.9349,0.2265,5
LogSig,BGL,2,0.9590,0.9120,0.9349,0.2265,6
LogSig,BGL,2,0.9590,0.9120,0.9349,0.2265,7
LogSig,BGL,2,0.9590,0.9120,0.9349,0.2265,8
LogSig,BGL,2,0.9590,0.9120,0.9349,0.2265,9
LogSig,BGL,2,0.9590,0.9120,0.9349,0.2265,10
LogSig,OpenStack,2,0.9946,0.9998,0.9972,0.8660,1
LogSig,OpenStack,2,0.9946,0.9998,0.9972,0.8660,2
LogSig,OpenStack,2,0.9946,0.9998,0.9972,0.8660,3
LogSig,OpenStack,2,0.9946,0.9998,0.9972,0.8660,4
LogSig,OpenStack,2,0.9946,0.9998,0.9972,0.8660,5
LogSig,OpenStack,2,0.9946,0.9998,0.9972,0.8660,6
LogSig,OpenStack,2,0.9946,0.9998,0.9972,0.8660,7
LogSig,OpenStack,2,0.9946,0.9998,0.9972,0.8660,8
LogSig,OpenStack,2,0.9946,0.9998,0.9972,0.8660,9
LogSig,OpenStack,2,0.9946,0.9998,0.9972,0.8660,10
LogSig,HDFS,2,1.0000,0.9837,0.9918,0.8495,1
LogSig,HDFS,2,1.0000,0.9837,0.9918,0.8495,2
LogSig,HDFS,2,1.0000,0.9837,0.9918,0.8495,3
LogSig,HDFS,2,1.0000,0.9837,0.9918,0.8495,4
LogSig,HDFS,2,1.0000,0.9837,0.9918,0.8495,5
LogSig,HDFS,2,1.0000,0.9837,0.9918,0.8495,6
LogSig,HDFS,2,1.0000,0.9837,0.9918,0.8495,7
LogSig,HDFS,2,1.0000,0.9837,0.9918,0.8495,8
LogSig,HDFS,2,1.0000,0.9837,0.9918,0.8495,9
LogSig,HDFS,2,1.0000,0.9837,0.9918,0.8495,10
LogSig,Apache,2,1.0000,0.7576,0.8621,0.5820,1
LogSig,Apache,2,1.0000,0.7576,0.8621,0.5820,2
LogSig,Apache,2,1.0000,0.7576,0.8621,0.5820,3
LogSig,Apache,2,1.0000,0.7576,0.8621,0.5820,4
LogSig,Apache,2,1.0000,0.7576,0.8621,0.5820,5
LogSig,Apache,2,1.0000,0.7576,0.8621,0.5820,6
LogSig,Apache,2,1.0000,0.7576,0.8621,0.5820,7
LogSig,Apache,2,1.0000,0.7576,0.8621,0.5820,8
LogSig,Apache,2,1.0000,0.7576,0.8621,0.5820,9
LogSig,Apache,2,1.0000,0.7576,0.8621,0.5820,10
LogSig,HPC,2,0.7579,0.7247,0.7409,0.3540,1
LogSig,HPC,2,0.7579,0.7247,0.7409,0.3540,2
LogSig,HPC,2,0.7579,0.7247,0.7409,0.3540,3
LogSig,HPC,2,0.7579,0.7247,0.7409,0.3540,4
LogSig,HPC,2,0.7579,0.7247,0.7409,0.3540,5
LogSig,HPC,2,0.7579,0.7247,0.7409,0.3540,6
LogSig,HPC,2,0.7579,0.7247,0.7409,0.3540,7
LogSig,HPC,2,0.7579,0.7247,0.7409,0.3540,8
LogSig,HPC,2,0.7579,0.7247,0.7409,0.3540,9
LogSig,HPC,2,0.7579,0.7247,0.7409,0.3540,10
LogSig,Windows,2,0.9997,0.8416,0.9139,0.6890,1
LogSig,Windows,2,0.9997,0.8416,0.9139,0.6890,2
LogSig,Windows,2,0.9997,0.8416,0.9139,0.6890,3
LogSig,Windows,2,0.9997,0.8416,0.9139,0.6890,4
LogSig,Windows,2,0.9997,0.8416,0.9139,0.6890,5
LogSig,Windows,2,0.9997,0.8416,0.9139,0.6890,6
LogSig,Windows,2,0.9997,0.8416,0.9139,0.6890,7
LogSig,Windows,2,0.9997,0.8416,0.9139,0.6890,8
LogSig,Windows,2,0.9997,0.8416,0.9139,0.6890,9
LogSig,Windows,2,0.9997,0.8416,0.9139,0.6890,10
LogSig,HealthApp,2,0.7239,0.5331,0.6140,0.2350,1
LogSig,HealthApp,2,0.7239,0.5331,0.6140,0.2350,2
LogSig,HealthApp,2,0.7239,0.5331,0.6140,0.2350,3
LogSig,HealthApp,2,0.7239,0.5331,0.6140,0.2350,4
LogSig,HealthApp,2,0.7239,0.5331,0.6140,0.2350,5
LogSig,HealthApp,2,0.7239,0.5331,0.6140,0.2350,6
LogSig,HealthApp,2,0.7239,0.5331,0.6140,0.2350,7
LogSig,HealthApp,2,0.7239,0.5331,0.6140,0.2350,8
LogSig,HealthApp,2,0.7239,0.5331,0.6140,0.2350,9
LogSig,HealthApp,2,0.7239,0.5331,0.6140,0.2350,10
LogSig,Mac,2,0.9092,0.9714,0.9393,0.4775,1
LogSig,Mac,2,0.9092,0.9714,0.9393,0.4775,2
LogSig,Mac,2,0.9092,0.9714,0.9393,0.4775,3
LogSig,Mac,2,0.9092,0.9714,0.9393,0.4775,4
LogSig,Mac,2,0.9092,0.9714,0.9393,0.4775,5
LogSig,Mac,2,0.9092,0.9714,0.9393,0.4775,6
LogSig,Mac,2,0.9092,0.9714,0.9393,0.4775,7
LogSig,Mac,2,0.9092,0.9714,0.9393,0.4775,8
LogSig,Mac,2,0.9092,0.9714,0.9393,0.4775,9
LogSig,Mac,2,0.9092,0.9714,0.9393,0.4775,10
LogSig,Spark,2,0.9429,0.9594,0.9511,0.5435,1
LogSig,Spark,2,0.9429,0.9594,0.9511,0.5435,2
LogSig,Spark,2,0.9429,0.9594,0.9511,0.5435,3
LogSig,Spark,2,0.9429,0.9594,0.9511,0.5435,4
LogSig,Spark,2,0.9429,0.9594,0.9511,0.5435,5
LogSig,Spark,2,0.9429,0.9594,0.9511,0.5435,6
LogSig,Spark,2,0.9429,0.9594,0.9511,0.5435,7
LogSig,Spark,2,0.9429,0.9594,0.9511,0.5435,8
LogSig,Spark,2,0.9429,0.9594,0.9511,0.5435,9
LogSig,Spark,2,0.9429,0.9594,0.9511,0.5435,10
SHISO,BGL,2,0.9961,0.9928,0.9944,0.7110,1
SHISO,BGL,2,0.9961,0.9928,0.9944,0.7110,2
SHISO,BGL,2,0.9961,0.9928,0.9944,0.7110,3
SHISO,BGL,2,0.9961,0.9928,0.9944,0.7110,4
SHISO,BGL,2,0.9961,0.9928,0.9944,0.7110,5
SHISO,BGL,2,0.9961,0.9928,0.9944,0.7110,6
SHISO,BGL,2,0.9961,0.9928,0.9944,0.7110,7
SHISO,BGL,2,0.9961,0.9928,0.9944,0.7110,8
SHISO,BGL,2,0.9961,0.9928,0.9944,0.7110,9
SHISO,BGL,2,0.9961,0.9928,0.9944,0.7110,10
SHISO,OpenStack,2,0.9911,0.9963,0.9937,0.7215,1
SHISO,OpenStack,2,0.9911,0.9963,0.9937,0.7215,2
SHISO,OpenStack,2,0.9911,0.9963,0.9937,0.7215,3
SHISO,OpenStack,2,0.9911,0.9963,0.9937,0.7215,4
SHISO,OpenStack,2,0.9911,0.9963,0.9937,0.7215,5
SHISO,OpenStack,2,0.9911,0.9963,0.9937,0.7215,6
SHISO,OpenStack,2,0.9911,0.9963,0.9937,0.7215,7
SHISO,OpenStack,2,0.9911,0.9963,0.9937,0.7215,8
SHISO,OpenStack,2,0.9911,0.9963,0.9937,0.7215,9
SHISO,OpenStack,2,0.9911,0.9963,0.9937,0.7215,10
SHISO,HDFS,2,1.0000,1.0000,1.0000,0.9975,1
SHISO,HDFS,2,1.0000,1.0000,1.0000,0.9975,2
SHISO,HDFS,2,1.0000,1.0000,1.0000,0.9975,3
SHISO,HDFS,2,1.0000,1.0000,1.0000,0.9975,4
SHISO,HDFS,2,1.0000,1.0000,1.0000,0.9975,5
SHISO,HDFS,2,1.0000,1.0000,1.0000,0.9975,6
SHISO,HDFS,2,1.0000,1.0000,1.0000,0.9975,7
SHISO,HDFS,2,1.0000,1.0000,1.0000,0.9975,8
SHISO,HDFS,2,1.0000,1.0000,1.0000,0.9975,9
SHISO,HDFS,2,1.0000,1.0000,1.0000,0.9975,10
SHISO,Apache,2,1.0000,1.0000,1.0000,1.0000,1
SHISO,Apache,2,1.0000,1.0000,1.0000,1.0000,2
SHISO,Apache,2,1.0000,1.0000,1.0000,1.0000,3
SHISO,Apache,2,1.0000,1.0000,1.0000,1.0000,4
SHISO,Apache,2,1.0000,1.0000,1.0000,1.0000,5
SHISO,Apache,2,1.0000,1.0000,1.0000,1.0000,6
SHISO,Apache,2,1.0000,1.0000,1.0000,1.0000,7
SHISO,Apache,2,1.0000,1.0000,1.0000,1.0000,8
SHISO,Apache,2,1.0000,1.0000,1.0000,1.0000,9
SHISO,Apache,2,1.0000,1.0000,1.0000,1.0000,10
SHISO,HPC,2,0.3715,0.9969,0.5413,0.3245,1
SHISO,HPC,2,0.3715,0.9969,0.5413,0.3245,2
SHISO,HPC,2,0.3715,0.9969,0.5413,0.3245,3
SHISO,HPC,2,0.3715,0.9969,0.5413,0.3245,4
SHISO,HPC,2,0.3715,0.9969,0.5413,0.3245,5
SHISO,HPC,2,0.3715,0.9969,0.5413,0.3245,6
SHISO,HPC,2,0.3715,0.9969,0.5413,0.3245,7
SHISO,HPC,2,0.3715,0.9969,0.5413,0.3245,8
SHISO,HPC,2,0.3715,0.9969,0.5413,0.3245,9
SHISO,HPC,2,0.3715,0.9969,0.5413,0.3245,10
SHISO,Windows,2,1.0000,0.8399,0.9130,0.7005,1
SHISO,Windows,2,1.0000,0.8399,0.9130,0.7005,2
SHISO,Windows,2,1.0000,0.8399,0.9130,0.7005,3
SHISO,Windows,2,1.0000,0.8399,0.9130,0.7005,4
SHISO,Windows,2,1.0000,0.8399,0.9130,0.7005,5
SHISO,Windows,2,1.0000,0.8399,0.9130,0.7005,6
SHISO,Windows,2,1.0000,0.8399,0.9130,0.7005,7
SHISO,Windows,2,1.0000,0.8399,0.9130,0.7005,8
SHISO,Windows,2,1.0000,0.8399,0.9130,0.7005,9
SHISO,Windows,2,1.0000,0.8399,0.9130,0.7005,10
SHISO,HealthApp,2,0.7304,0.9952,0.8425,0.3970,1
SHISO,HealthApp,2,0.7304,0.9952,0.8425,0.3970,2
SHISO,HealthApp,2,0.7304,0.9952,0.8425,0.3970,3
SHISO,HealthApp,2,0.7304,0.9952,0.8425,0.3970,4
SHISO,HealthApp,2,0.7304,0.9952,0.8425,0.3970,5
SHISO,HealthApp,2,0.7304,0.9952,0.8425,0.3970,6
SHISO,HealthApp,2,0.7304,0.9952,0.8425,0.3970,7
SHISO,HealthApp,2,0.7304,0.9952,0.8425,0.3970,8
SHISO,HealthApp,2,0.7304,0.9952,0.8425,0.3970,9
SHISO,HealthApp,2,0.7304,0.9952,0.8425,0.3970,10
SHISO,Mac,2,0.9676,0.9522,0.9598,0.5950,1
SHISO,Mac,2,0.9676,0.9522,0.9598,0.5950,2
SHISO,Mac,2,0.9676,0.9522,0.9598,0.5950,3
SHISO,Mac,2,0.9676,0.9522,0.9598,0.5950,4
SHISO,Mac,2,0.9676,0.9522,0.9598,0.5950,5
SHISO,Mac,2,0.9676,0.9522,0.9598,0.5950,6
SHISO,Mac,2,0.9676,0.9522,0.9598,0.5950,7
SHISO,Mac,2,0.9676,0.9522,0.9598,0.5950,8
SHISO,Mac,2,0.9676,0.9522,0.9598,0.5950,9
SHISO,Mac,2,0.9676,0.9522,0.9598,0.5950,10
SHISO,Spark,2,0.9847,0.9984,0.9915,0.9060,1
SHISO,Spark,2,0.9847,0.9984,0.9915,0.9060,2
SHISO,Spark,2,0.9847,0.9984,0.9915,0.9060,3
SHISO,Spark,2,0.9847,0.9984,0.9915,0.9060,4
SHISO,Spark,2,0.9847,0.9984,0.9915,0.9060,5
SHISO,Spark,2,0.9847,0.9984,0.9915,0.9060,6
SHISO,Spark,2,0.9847,0.9984,0.9915,0.9060,7
SHISO,Spark,2,0.9847,0.9984,0.9915,0.9060,8
SHISO,Spark,2,0.9847,0.9984,0.9915,0.9060,9
SHISO,Spark,2,0.9847,0.9984,0.9915,0.9060,10
SLCT,BGL,2,0.9931,0.9202,0.9552,0.5725,1
SLCT,BGL,2,0.9931,0.9202,0.9552,0.5725,2
SLCT,BGL,2,0.9931,0.9202,0.9552,0.5725,3
SLCT,BGL,2,0.9931,0.9202,0.9552,0.5725,4
SLCT,BGL,2,0.9931,0.9202,0.9552,0.5725,5
SLCT,BGL,2,0.9931,0.9202,0.9552,0.5725,6
SLCT,BGL,2,0.9931,0.9202,0.9552,0.5725,7
SLCT,BGL,2,0.9931,0.9202,0.9552,0.5725,8
SLCT,BGL,2,0.9931,0.9202,0.9552,0.5725,9
SLCT,BGL,2,0.9931,0.9202,0.9552,0.5725,10
SLCT,OpenStack,2,0.9485,1.0000,0.9736,0.8670,1
SLCT,OpenStack,2,0.9485,1.0000,0.9736,0.8670,2
SLCT,OpenStack,2,0.9485,1.0000,0.9736,0.8670,3
SLCT,OpenStack,2,0.9485,1.0000,0.9736,0.8670,4
SLCT,OpenStack,2,0.9485,1.0000,0.9736,0.8670,5
SLCT,OpenStack,2,0.9485,1.0000,0.9736,0.8670,6
SLCT,OpenStack,2,0.9485,1.0000,0.9736,0.8670,7
SLCT,OpenStack,2,0.9485,1.0000,0.9736,0.8670,8
SLCT,OpenStack,2,0.9485,1.0000,0.9736,0.8670,9
SLCT,OpenStack,2,0.9485,1.0000,0.9736,0.8670,10
SLCT,HDFS,2,0.9711,0.9606,0.9658,0.5450,1
SLCT,HDFS,2,0.9711,0.9606,0.9658,0.5450,2
SLCT,HDFS,2,0.9711,0.9606,0.9658,0.5450,3
SLCT,HDFS,2,0.9711,0.9606,0.9658,0.5450,4
SLCT,HDFS,2,0.9711,0.9606,0.9658,0.5450,5
SLCT,HDFS,2,0.9711,0.9606,0.9658,0.5450,6
SLCT,HDFS,2,0.9711,0.9606,0.9658,0.5450,7
SLCT,HDFS,2,0.9711,0.9606,0.9658,0.5450,8
SLCT,HDFS,2,0.9711,0.9606,0.9658,0.5450,9
SLCT,HDFS,2,0.9711,0.9606,0.9658,0.5450,10
SLCT,Apache,2,1.0000,0.8920,0.9429,0.7305,1
SLCT,Apache,2,1.0000,0.8920,0.9429,0.7305,2
SLCT,Apache,2,1.0000,0.8920,0.9429,0.7305,3
SLCT,Apache,2,1.0000,0.8920,0.9429,0.7305,4
SLCT,Apache,2,1.0000,0.8920,0.9429,0.7305,5
SLCT,Apache,2,1.0000,0.8920,0.9429,0.7305,6
SLCT,Apache,2,1.0000,0.8920,0.9429,0.7305,7
SLCT,Apache,2,1.0000,0.8920,0.9429,0.7305,8
SLCT,Apache,2,1.0000,0.8920,0.9429,0.7305,9
SLCT,Apache,2,1.0000,0.8920,0.9429,0.7305,10
SLCT,HPC,2,0.9704,0.9887,0.9794,0.8385,1
SLCT,HPC,2,0.9704,0.9887,0.9794,0.8385,2
SLCT,HPC,2,0.9704,0.9887,0.9794,0.8385,3
SLCT,HPC,2,0.9704,0.9887,0.9794,0.8385,4
SLCT,HPC,2,0.9704,0.9887,0.9794,0.8385,5
SLCT,HPC,2,0.9704,0.9887,0.9794,0.8385,6
SLCT,HPC,2,0.9704,0.9887,0.9794,0.8385,7
SLCT,HPC,2,0.9704,0.9887,0.9794,0.8385,8
SLCT,HPC,2,0.9704,0.9887,0.9794,0.8385,9
SLCT,HPC,2,0.9704,0.9887,0.9794,0.8385,10
SLCT,Windows,2,0.9994,0.8303,0.9071,0.6965,1
SLCT,Windows,2,0.9994,0.8303,0.9071,0.6965,2
SLCT,Windows,2,0.9994,0.8303,0.9071,0.6965,3
SLCT,Windows,2,0.9994,0.8303,0.9071,0.6965,4
SLCT,Windows,2,0.9994,0.8303,0.9071,0.6965,5
SLCT,Windows,2,0.9994,0.8303,0.9071,0.6965,6
SLCT,Windows,2,0.9994,0.8303,0.9071,0.6965,7
SLCT,Windows,2,0.9994,0.8303,0.9071,0.6965,8
SLCT,Windows,2,0.9994,0.8303,0.9071,0.6965,9
SLCT,Windows,2,0.9994,0.8303,0.9071,0.6965,10
SLCT,HealthApp,2,0.7494,0.8859,0.8119,0.3310,1
SLCT,HealthApp,2,0.7494,0.8859,0.8119,0.3310,2
SLCT,HealthApp,2,0.7494,0.8859,0.8119,0.3310,3
SLCT,HealthApp,2,0.7494,0.8859,0.8119,0.3310,4
SLCT,HealthApp,2,0.7494,0.8859,0.8119,0.3310,5
SLCT,HealthApp,2,0.7494,0.8859,0.8119,0.3310,6
SLCT,HealthApp,2,0.7494,0.8859,0.8119,0.3310,7
SLCT,HealthApp,2,0.7494,0.8859,0.8119,0.3310,8
SLCT,HealthApp,2,0.7494,0.8859,0.8119,0.3310,9
SLCT,HealthApp,2,0.7494,0.8859,0.8119,0.3310,10
SLCT,Mac,2,0.8577,0.9087,0.8825,0.5575,1
SLCT,Mac,2,0.8577,0.9087,0.8825,0.5575,2
SLCT,Mac,2,0.8577,0.9087,0.8825,0.5575,3
SLCT,Mac,2,0.8577,0.9087,0.8825,0.5575,4
SLCT,Mac,2,0.8577,0.9087,0.8825,0.5575,5
SLCT,Mac,2,0.8577,0.9087,0.8825,0.5575,6
SLCT,Mac,2,0.8577,0.9087,0.8825,0.5575,7
SLCT,Mac,2,0.8577,0.9087,0.8825,0.5575,8
SLCT,Mac,2,0.8577,0.9087,0.8825,0.5575,9
SLCT,Mac,2,0.8577,0.9087,0.8825,0.5575,10
SLCT,Spark,2,0.9902,0.6775,0.8046,0.6850,1
SLCT,Spark,2,0.9902,0.6775,0.8046,0.6850,2
SLCT,Spark,2,0.9902,0.6775,0.8046,0.6850,3
SLCT,Spark,2,0.9902,0.6775,0.8046,0.6850,4
SLCT,Spark,2,0.9902,0.6775,0.8046,0.6850,5
SLCT,Spark,2,0.9902,0.6775,0.8046,0.6850,6
SLCT,Spark,2,0.9902,0.6775,0.8046,0.6850,7
SLCT,Spark,2,0.9902,0.6775,0.8046,0.6850,8
SLCT,Spark,2,0.9902,0.6775,0.8046,0.6850,9
SLCT,Spark,2,0.9902,0.6775,0.8046,0.6850,10
Spell,BGL,2,0.9990,0.9182,0.9569,0.7865,1
Spell,BGL,2,0.9990,0.9182,0.9569,0.7865,2
Spell,BGL,2,0.9990,0.9182,0.9569,0.7865,3
Spell,BGL,2,0.9990,0.9182,0.9569,0.7865,4
Spell,BGL,2,0.9990,0.9182,0.9569,0.7865,5
Spell,BGL,2,0.9990,0.9182,0.9569,0.7865,6
Spell,BGL,2,0.9990,0.9182,0.9569,0.7865,7
Spell,BGL,2,0.9990,0.9182,0.9569,0.7865,8
Spell,BGL,2,0.9990,0.9182,0.9569,0.7865,9
Spell,BGL,2,0.9990,0.9182,0.9569,0.7865,10
Spell,OpenStack,2,1.0000,0.9883,0.9941,0.7640,1
Spell,OpenStack,2,1.0000,0.9883,0.9941,0.7640,2
Spell,OpenStack,2,1.0000,0.9883,0.9941,0.7640,3
Spell,OpenStack,2,1.0000,0.9883,0.9941,0.7640,4
Spell,OpenStack,2,1.0000,0.9883,0.9941,0.7640,5
Spell,OpenStack,2,1.0000,0.9883,0.9941,0.7640,6
Spell,OpenStack,2,1.0000,0.9883,0.9941,0.7640,7
Spell,OpenStack,2,1.0000,0.9883,0.9941,0.7640,8
Spell,OpenStack,2,1.0000,0.9883,0.9941,0.7640,9
Spell,OpenStack,2,1.0000,0.9883,0.9941,0.7640,10
Spell,HDFS,2,1.0000,1.0000,1.0000,1.0000,1
Spell,HDFS,2,1.0000,1.0000,1.0000,1.0000,2
Spell,HDFS,2,1.0000,1.0000,1.0000,1.0000,3
Spell,HDFS,2,1.0000,1.0000,1.0000,1.0000,4
Spell,HDFS,2,1.0000,1.0000,1.0000,1.0000,5
Spell,HDFS,2,1.0000,1.0000,1.0000,1.0000,6
Spell,HDFS,2,1.0000,1.0000,1.0000,1.0000,7
Spell,HDFS,2,1.0000,1.0000,1.0000,1.0000,8
Spell,HDFS,2,1.0000,1.0000,1.0000,1.0000,9
Spell,HDFS,2,1.0000,1.0000,1.0000,1.0000,10
Spell,Apache,2,1.0000,1.0000,1.0000,1.0000,1
Spell,Apache,2,1.0000,1.0000,1.0000,1.0000,2
Spell,Apache,2,1.0000,1.0000,1.0000,1.0000,3
Spell,Apache,2,1.0000,1.0000,1.0000,1.0000,4
Spell,Apache,2,1.0000,1.0000,1.0000,1.0000,5
Spell,Apache,2,1.0000,1.0000,1.0000,1.0000,6
Spell,Apache,2,1.0000,1.0000,1.0000,1.0000,7
Spell,Apache,2,1.0000,1.0000,1.0000,1.0000,8
Spell,Apache,2,1.0000,1.0000,1.0000,1.0000,9
Spell,Apache,2,1.0000,1.0000,1.0000,1.0000,10
Spell,HPC,2,0.9767,0.9956,0.9861,0.6540,1
Spell,HPC,2,0.9767,0.9956,0.9861,0.6540,2
Spell,HPC,2,0.9767,0.9956,0.9861,0.6540,3
Spell,HPC,2,0.9767,0.9956,0.9861,0.6540,4
Spell,HPC,2,0.9767,0.9956,0.9861,0.6540,5
Spell,HPC,2,0.9767,0.9956,0.9861,0.6540,6
Spell,HPC,2,0.9767,0.9956,0.9861,0.6540,7
Spell,HPC,2,0.9767,0.9956,0.9861,0.6540,8
Spell,HPC,2,0.9767,0.9956,0.9861,0.6540,9
Spell,HPC,2,0.9767,0.9956,0.9861,0.6540,10
Spell,Windows,2,1.0000,1.0000,1.0000,0.9885,1
Spell,Windows,2,1.0000,1.0000,1.0000,0.9885,2
Spell,Windows,2,1.0000,1.0000,1.0000,0.9885,3
Spell,Windows,2,1.0000,1.0000,1.0000,0.9885,4
Spell,Windows,2,1.0000,1.0000,1.0000,0.9885,5
Spell,Windows,2,1.0000,1.0000,1.0000,0.9885,6
Spell,Windows,2,1.0000,1.0000,1.0000,0.9885,7
Spell,Windows,2,1.0000,1.0000,1.0000,0.9885,8
Spell,Windows,2,1.0000,1.0000,1.0000,0.9885,9
Spell,Windows,2,1.0000,1.0000,1.0000,0.9885,10
Spell,HealthApp,2,0.9763,0.8121,0.8867,0.6390,1
Spell,HealthApp,2,0.9763,0.8121,0.8867,0.6390,2
Spell,HealthApp,2,0.9763,0.8121,0.8867,0.6390,3
Spell,HealthApp,2,0.9763,0.8121,0.8867,0.6390,4
Spell,HealthApp,2,0.9763,0.8121,0.8867,0.6390,5
Spell,HealthApp,2,0.9763,0.8121,0.8867,0.6390,6
Spell,HealthApp,2,0.9763,0.8121,0.8867,0.6390,7
Spell,HealthApp,2,0.9763,0.8121,0.8867,0.6390,8
Spell,HealthApp,2,0.9763,0.8121,0.8867,0.6390,9
Spell,HealthApp,2,0.9763,0.8121,0.8867,0.6390,10
Spell,Mac,2,0.9530,0.9742,0.9635,0.7565,1
Spell,Mac,2,0.9530,0.9742,0.9635,0.7565,2
Spell,Mac,2,0.9530,0.9742,0.9635,0.7565,3
Spell,Mac,2,0.9530,0.9742,0.9635,0.7565,4
Spell,Mac,2,0.9530,0.9742,0.9635,0.7565,5
Spell,Mac,2,0.9530,0.9742,0.9635,0.7565,6
Spell,Mac,2,0.9530,0.9742,0.9635,0.7565,7
Spell,Mac,2,0.9530,0.9742,0.9635,0.7565,8
Spell,Mac,2,0.9530,0.9742,0.9635,0.7565,9
Spell,Mac,2,0.9530,0.9742,0.9635,0.7565,10
Spell,Spark,2,0.9839,0.9983,0.9910,0.9050,1
Spell,Spark,2,0.9839,0.9983,0.9910,0.9050,2
Spell,Spark,2,0.9839,0.9983,0.9910,0.9050,3
Spell,Spark,2,0.9839,0.9983,0.9910,0.9050,4
Spell,Spark,2,0.9839,0.9983,0.9910,0.9050,5
Spell,Spark,2,0.9839,0.9983,0.9910,0.9050,6
Spell,Spark,2,0.9839,0.9983,0.9910,0.9050,7
Spell,Spark,2,0.9839,0.9983,0.9910,0.9050,8
Spell,Spark,2,0.9839,0.9983,0.9910,0.9050,9
Spell,Spark,2,0.9839,0.9983,0.9910,0.9050,10
MoLFI,BGL,2,0.9984,0.9997,0.9991,0.9435,1
MoLFI,BGL,2,0.9993,0.9996,0.9995,0.9500,2
MoLFI,BGL,2,0.9984,0.9996,0.9990,0.9385,3
MoLFI,BGL,2,0.9995,0.9996,0.9995,0.9605,4
MoLFI,BGL,2,0.9989,0.9996,0.9993,0.9455,5
MoLFI,BGL,2,0.9994,0.9997,0.9996,0.9600,6
MoLFI,BGL,2,0.9989,0.9997,0.9993,0.9475,7
MoLFI,BGL,2,0.9989,0.9997,0.9993,0.9475,8
MoLFI,BGL,2,0.9989,0.9996,0.9993,0.9445,9
MoLFI,BGL,2,0.9989,0.9996,0.9993,0.9450,10
MoLFI,OpenStack,2,0.8230,0.6507,0.7268,0.2130,1
MoLFI,OpenStack,2,0.8231,0.6507,0.7268,0.2130,2
MoLFI,OpenStack,2,0.8230,0.6507,0.7268,0.2130,3
MoLFI,OpenStack,2,0.8231,0.6507,0.7268,0.2130,4
MoLFI,OpenStack,2,0.8230,0.6507,0.7268,0.2130,5
MoLFI,OpenStack,2,0.8231,0.6507,0.7268,0.2130,6
MoLFI,OpenStack,2,0.8230,0.6507,0.7268,0.2130,7
MoLFI,OpenStack,2,0.8230,0.6507,0.7268,0.2130,8
MoLFI,OpenStack,2,0.8231,0.6507,0.7268,0.2130,9
MoLFI,OpenStack,2,0.8230,0.6507,0.7268,0.2130,10
MoLFI,HDFS,2,1.0000,1.0000,1.0000,0.9975,1
MoLFI,HDFS,2,1.0000,1.0000,1.0000,0.9975,2
MoLFI,HDFS,2,1.0000,1.0000,1.0000,0.9975,3
MoLFI,HDFS,2,1.0000,1.0000,1.0000,0.9975,4
MoLFI,HDFS,2,1.0000,1.0000,1.0000,0.9975,5
MoLFI,HDFS,2,1.0000,1.0000,1.0000,0.9975,6
MoLFI,HDFS,2,1.0000,1.0000,1.0000,0.9975,7
MoLFI,HDFS,2,1.0000,1.0000,1.0000,0.9975,8
MoLFI,HDFS,2,1.0000,1.0000,1.0000,0.9975,9
MoLFI,HDFS,2,1.0000,1.0000,1.0000,0.9975,10
MoLFI,Apache,2,1.0000,1.0000,1.0000,1.0000,1
MoLFI,Apache,2,1.0000,1.0000,1.0000,1.0000,2
MoLFI,Apache,2,1.0000,1.0000,1.0000,1.0000,3
MoLFI,Apache,2,1.0000,1.0000,1.0000,1.0000,4
MoLFI,Apache,2,1.0000,1.0000,1.0000,1.0000,5
MoLFI,Apache,2,1.0000,1.0000,1.0000,1.0000,6
MoLFI,Apache,2,1.0000,1.0000,1.0000,1.0000,7
MoLFI,Apache,2,1.0000,1.0000,1.0000,1.0000,8
MoLFI,Apache,2,1.0000,1.0000,1.0000,1.0000,9
MoLFI,Apache,2,1.0000,1.0000,1.0000,1.0000,10
MoLFI,HPC,2,0.9578,0.9990,0.9780,0.8245,1
MoLFI,HPC,2,0.9682,0.9990,0.9834,0.8655,2
MoLFI,HPC,2,0.9682,0.9990,0.9833,0.8630,3
MoLFI,HPC,2,0.9578,0.9990,0.9780,0.8245,4
MoLFI,HPC,2,0.9578,0.9990,0.9780,0.8235,5
MoLFI,HPC,2,0.9674,0.9990,0.9829,0.8570,6
MoLFI,HPC,2,0.9578,0.9990,0.9780,0.8235,7
MoLFI,HPC,2,0.9578,0.9990,0.9780,0.8245,8
MoLFI,HPC,2,0.9578,0.9990,0.9780,0.8235,9
MoLFI,HPC,2,0.9682,0.9991,0.9834,0.8715,10
MoLFI,Windows,2,1.0000,0.8581,0.9236,0.7095,1
MoLFI,Windows,2,1.0000,0.8399,0.9130,0.7110,2
MoLFI,Windows,2,1.0000,0.8399,0.9130,0.7110,3
MoLFI,Windows,2,0.9983,0.8404,0.9126,0.4050,4
MoLFI,Windows,2,1.0000,0.8407,0.9135,0.7100,5
MoLFI,Windows,2,1.0000,0.9181,0.9573,0.7080,6
MoLFI,Windows,2,1.0000,0.8399,0.9130,0.7125,7
MoLFI,Windows,2,1.0000,0.8407,0.9135,0.7095,8
MoLFI,Windows,2,1.0000,0.8451,0.9160,0.7110,9
MoLFI,Windows,2,1.0000,0.8406,0.9134,0.7110,10
MoLFI,HealthApp,2,0.6587,0.9982,0.7937,0.3220,1
MoLFI,HealthApp,2,0.6586,0.9993,0.7939,0.4360,2
MoLFI,HealthApp,2,0.6590,0.9993,0.7942,0.4390,3
MoLFI,HealthApp,2,0.6590,0.9993,0.7942,0.4410,4
MoLFI,HealthApp,2,0.6715,0.9999,0.8034,0.4640,5
MoLFI,HealthApp,2,0.6590,0.9993,0.7942,0.4410,6
MoLFI,HealthApp,2,0.6533,0.9742,0.7821,0.3205,7
MoLFI,HealthApp,2,0.6532,0.9741,0.7821,0.3180,8
MoLFI,HealthApp,2,0.6528,0.9742,0.7818,0.3225,9
MoLFI,HealthApp,2,0.6528,0.9742,0.7818,0.3200,10
MoLFI,Mac,2,0.9546,0.9006,0.9268,0.6300,1
MoLFI,Mac,2,0.9840,0.9174,0.9496,0.6640,2
MoLFI,Mac,2,0.9785,0.9116,0.9439,0.6380,3
MoLFI,Mac,2,0.9608,0.9171,0.9385,0.6630,4
MoLFI,Mac,2,0.9608,0.9166,0.9382,0.6570,5
MoLFI,Mac,2,0.9607,0.9198,0.9398,0.6590,6
MoLFI,Mac,2,0.9546,0.9170,0.9354,0.6330,7
MoLFI,Mac,2,0.9602,0.9206,0.9400,0.6565,8
MoLFI,Mac,2,0.9778,0.9184,0.9472,0.6550,9
MoLFI,Mac,2,0.9593,0.9150,0.9366,0.6455,10
MoLFI,Spark,2,0.9999,0.3455,0.5136,0.4180,1
MoLFI,Spark,2,0.9999,0.3451,0.5131,0.4180,2
MoLFI,Spark,2,0.9999,0.3460,0.5141,0.4170,3
MoLFI,Spark,2,0.9999,0.5174,0.6820,0.4420,4
MoLFI,Spark,2,0.9999,0.3366,0.5037,0.4180,5
MoLFI,Spark,2,0.9999,0.5197,0.6839,0.5705,6
MoLFI,Spark,2,0.9999,0.5195,0.6838,0.5705,7
MoLFI,Spark,2,0.9999,0.3488,0.5172,0.4180,8
MoLFI,Spark,2,0.9999,0.3501,0.5186,0.4170,9
MoLFI,Spark,2,0.9999,0.3394,0.5068,0.4180,10
NuLog,BGL,2,0.9984,0.9997,0.9991,0.9435,1
NuLog,BGL,2,0.9993,0.9996,0.9995,0.9500,2
NuLog,BGL,2,0.9984,0.9996,0.9990,0.9385,3
NuLog,BGL,2,0.9995,0.9996,0.9995,0.9605,4
NuLog,BGL,2,0.9989,0.9996,0.9993,0.9455,5
NuLog,BGL,2,0.9994,0.9997,0.9996,0.9600,6
NuLog,BGL,2,0.9989,0.9997,0.9993,0.9475,7
NuLog,BGL,2,0.9989,0.9997,0.9993,0.9475,8
NuLog,BGL,2,0.9989,0.9996,0.9993,0.9445,9
NuLog,BGL,2,0.9989,0.9996,0.9993,0.9450,10
NuLog,OpenStack,2,0.8230,0.6507,0.7268,0.2130,1
NuLog,OpenStack,2,0.8231,0.6507,0.7268,0.2130,2
NuLog,OpenStack,2,0.8230,0.6507,0.7268,0.2130,3
NuLog,OpenStack,2,0.8231,0.6507,0.7268,0.2130,4
NuLog,OpenStack,2,0.8230,0.6507,0.7268,0.2130,5
NuLog,OpenStack,2,0.8231,0.6507,0.7268,0.2130,6
NuLog,OpenStack,2,0.8230,0.6507,0.7268,0.2130,7
NuLog,OpenStack,2,0.8230,0.6507,0.7268,0.2130,8
NuLog,OpenStack,2,0.8231,0.6507,0.7268,0.2130,9
NuLog,OpenStack,2,0.8230,0.6507,0.7268,0.2130,10
NuLog,HDFS,2,1.0000,1.0000,1.0000,0.9975,1
NuLog,HDFS,2,1.0000,1.0000,1.0000,0.9975,2
NuLog,HDFS,2,1.0000,1.0000,1.0000,0.9975,3
NuLog,HDFS,2,1.0000,1.0000,1.0000,0.9975,4
NuLog,HDFS,2,1.0000,1.0000,1.0000,0.9975,5
NuLog,HDFS,2,1.0000,1.0000,1.0000,0.9975,6
NuLog,HDFS,2,1.0000,1.0000,1.0000,0.9975,7
NuLog,HDFS,2,1.0000,1.0000,1.0000,0.9975,8
NuLog,HDFS,2,1.0000,1.0000,1.0000,0.9975,9
NuLog,HDFS,2,1.0000,1.0000,1.0000,0.9975,10
NuLog,Apache,2,1.0000,1.0000,1.0000,1.0000,1
NuLog,Apache,2,1.0000,1.0000,1.0000,1.0000,2
NuLog,Apache,2,1.0000,1.0000,1.0000,1.0000,3
NuLog,Apache,2,1.0000,1.0000,1.0000,1.0000,4
NuLog,Apache,2,1.0000,1.0000,1.0000,1.0000,5
NuLog,Apache,2,1.0000,1.0000,1.0000,1.0000,6
NuLog,Apache,2,1.0000,1.0000,1.0000,1.0000,7
NuLog,Apache,2,1.0000,1.0000,1.0000,1.0000,8
NuLog,Apache,2,1.0000,1.0000,1.0000,1.0000,9
NuLog,Apache,2,1.0000,1.0000,1.0000,1.0000,10
NuLog,HPC,2,0.9578,0.9990,0.9780,0.8245,1
NuLog,HPC,2,0.9682,0.9990,0.9834,0.8655,2
NuLog,HPC,2,0.9682,0.9990,0.9833,0.8630,3
NuLog,HPC,2,0.9578,0.9990,0.9780,0.8245,4
NuLog,HPC,2,0.9578,0.9990,0.9780,0.8235,5
NuLog,HPC,2,0.9674,0.9990,0.9829,0.8570,6
NuLog,HPC,2,0.9578,0.9990,0.9780,0.8235,7
NuLog,HPC,2,0.9578,0.9990,0.9780,0.8245,8
NuLog,HPC,2,0.9578,0.9990,0.9780,0.8235,9
NuLog,HPC,2,0.9682,0.9991,0.9834,0.8715,10
NuLog,Windows,2,1.0000,0.8581,0.9236,0.7095,1
NuLog,Windows,2,1.0000,0.8399,0.9130,0.7110,2
NuLog,Windows,2,1.0000,0.8399,0.9130,0.7110,3
NuLog,Windows,2,0.9983,0.8404,0.9126,0.4050,4
NuLog,Windows,2,1.0000,0.8407,0.9135,0.7100,5
NuLog,Windows,2,1.0000,0.9181,0.9573,0.7080,6
NuLog,Windows,2,1.0000,0.8399,0.9130,0.7125,7
NuLog,Windows,2,1.0000,0.8407,0.9135,0.7095,8
NuLog,Windows,2,1.0000,0.8451,0.9160,0.7110,9
NuLog,Windows,2,1.0000,0.8406,0.9134,0.7110,10
NuLog,HealthApp,2,0.6587,0.9982,0.7937,0.3220,1
NuLog,HealthApp,2,0.6586,0.9993,0.7939,0.4360,2
NuLog,HealthApp,2,0.6590,0.9993,0.7942,0.4390,3
NuLog,HealthApp,2,0.6590,0.9993,0.7942,0.4410,4
NuLog,HealthApp,2,0.6715,0.9999,0.8034,0.4640,5
NuLog,HealthApp,2,0.6590,0.9993,0.7942,0.4410,6
NuLog,HealthApp,2,0.6533,0.9742,0.7821,0.3205,7
NuLog,HealthApp,2,0.6532,0.9741,0.7821,0.3180,8
NuLog,HealthApp,2,0.6528,0.9742,0.7818,0.3225,9
NuLog,HealthApp,2,0.6528,0.9742,0.7818,0.3200,10
NuLog,Mac,2,0.9546,0.9006,0.9268,0.6300,1
NuLog,Mac,2,0.9840,0.9174,0.9496,0.6640,2
NuLog,Mac,2,0.9785,0.9116,0.9439,0.6380,3
NuLog,Mac,2,0.9608,0.9171,0.9385,0.6630,4
NuLog,Mac,2,0.9608,0.9166,0.9382,0.6570,5
NuLog,Mac,2,0.9607,0.9198,0.9398,0.6590,6
NuLog,Mac,2,0.9546,0.9170,0.9354,0.6330,7
NuLog,Mac,2,0.9602,0.9206,0.9400,0.6565,8
NuLog,Mac,2,0.9778,0.9184,0.9472,0.6550,9
NuLog,Mac,2,0.9593,0.9150,0.9366,0.6455,10
NuLog,Spark,2,0.9999,0.3455,0.5136,0.4180,1
NuLog,Spark,2,0.9999,0.3451,0.5131,0.4180,2
NuLog,Spark,2,0.9999,0.3460,0.5141,0.4170,3
NuLog,Spark,2,0.9999,0.5174,0.6820,0.4420,4
NuLog,Spark,2,0.9999,0.3366,0.5037,0.4180,5
NuLog,Spark,2,0.9999,0.5197,0.6839,0.5705,6
NuLog,Spark,2,0.9999,0.5195,0.6838,0.5705,7
NuLog,Spark,2,0.9999,0.3488,0.5172,0.4180,8
NuLog,Spark,2,0.9999,0.3501,0.5186,0.4170,9
NuLog,Spark,2,0.9999,0.3394,0.5068,0.4180,10
